id	name	category	file
001	add-zero	arithmetic	rewrites/001-add-zero.sexp
002	add-zero-right	arithmetic	rewrites/002-add-zero-right.sexp
003	sub-zero	arithmetic	rewrites/003-sub-zero.sexp
004	mul-one	arithmetic	rewrites/004-mul-one.sexp
005	mul-one-left	arithmetic	rewrites/005-mul-one-left.sexp
006	mul-zero	arithmetic	rewrites/006-mul-zero.sexp
007	mul-zero-left	arithmetic	rewrites/007-mul-zero-left.sexp
008	sub-self	arithmetic	rewrites/008-sub-self.sexp
009	div-one	arithmetic	rewrites/009-div-one.sexp
010	neg-neg	arithmetic	rewrites/010-neg-neg.sexp
011	add-constants	arithmetic	rewrites/011-add-constants.sexp
012	sub-constants	arithmetic	rewrites/012-sub-constants.sexp
013	mul-constants	arithmetic	rewrites/013-mul-constants.sexp
014	double-negation	arithmetic	rewrites/014-double-negation.sexp
015	reassociate-add	arithmetic	rewrites/015-reassociate-add.sexp
016	and-true	boolean	rewrites/016-and-true.sexp
017	and-false	boolean	rewrites/017-and-false.sexp
018	or-false	boolean	rewrites/018-or-false.sexp
019	or-true	boolean	rewrites/019-or-true.sexp
020	not-not	boolean	rewrites/020-not-not.sexp
021	eq-self	comparison	rewrites/021-eq-self.sexp
022	ne-self	comparison	rewrites/022-ne-self.sexp
023	lt-self	comparison	rewrites/023-lt-self.sexp
024	gt-self	comparison	rewrites/024-gt-self.sexp
025	select-true	control-flow	rewrites/025-select-true.sexp
026	select-false	control-flow	rewrites/026-select-false.sexp
027	branch-true	control-flow	rewrites/027-branch-true.sexp
028	branch-false	control-flow	rewrites/028-branch-false.sexp
029	phi-same-value	ssa	rewrites/029-phi-same-value.sexp
030	identity-cast	ssa	rewrites/030-identity-cast.sexp
031	nested-cast	ssa	rewrites/031-nested-cast.sexp
032	dead-pure-op	dead-code	rewrites/032-dead-pure-op.sexp
033	vec-add-zero	vector	rewrites/033-vec-add-zero.sexp
034	vec-scale-one	vector	rewrites/034-vec-scale-one.sexp
035	vec-scale-zero	vector	rewrites/035-vec-scale-zero.sexp
036	dot-zero	vector	rewrites/036-dot-zero.sexp
037	mat-mul-identity	matrix	rewrites/037-mat-mul-identity.sexp
038	mat-mul-identity-left	matrix	rewrites/038-mat-mul-identity-left.sexp
039	ecs-query-empty	ecs	rewrites/039-ecs-query-empty.sexp
040	ecs-query-duplicate	ecs	rewrites/040-ecs-query-duplicate.sexp
041	ecs-has-known-component	ecs	rewrites/041-ecs-has-known-component.sexp
042	ecs-remove-absent	ecs	rewrites/042-ecs-remove-absent.sexp
043	ecs-entity-equal	ecs	rewrites/043-ecs-entity-equal.sexp
044	shader-add-zero	shader	rewrites/044-shader-add-zero.sexp
045	shader-mul-one	shader	rewrites/045-shader-mul-one.sexp
046	shader-select-true	shader	rewrites/046-shader-select-true.sexp
047	shader-swizzle-identity	shader	rewrites/047-shader-swizzle-identity.sexp
048	gpu-load-store-forward	gpu-memory	rewrites/048-gpu-load-store-forward.sexp
049	gpu-barrier-redundant	gpu-memory	rewrites/049-gpu-barrier-redundant.sexp
050	gpu-vector-zero	gpu-memory	rewrites/050-gpu-vector-zero.sexp
